PlateSequenceName,WellId,Glucose,Lactate,Glutamine,Glutamate
20251114-T5,R24_A01,3.21476609783128,2.6422544403426467,3.049169006714295,10.68951547071055
20251114-T5,R24_A02,2.3990207317358934,2.02120592859143,1.52688028994874,8.41917717818062
20251114-T5,R24_A03,2.42120909974646,2.2562002513221637,2.7539254361004053,10.2792487986164
20251114-T5,R24_A04,2.99904634349525,2.269390312951875,3.27252483311522,9.921861679690467
20251114-T5,R24_A05,3.05666441508319,2.39499297588388,2.708409284314765,9.62264061712041
20251114-T5,R24_A06,4.267221603274913,3.464390588405573,2.71797368033106,9.885844170182594
20251114-T5,R24_A07,3.96399158653828,2.53180215336932,2.64609825468096,9.8208083122691
